{"cameraMode":{"drawMode":0,"name":"Shaded","section":"Shading Mode"},"sceneLighting":false,"audioPlay":false,"sceneViewState":{"showFog":true,"showMaterialUpdate":true,"showSkybox":false,"showFlares":true,"showImageEffects":true,"showParticleSystems":true},"in2DMode":false,"pivot":{"x":-5.066654205322266,"y":0.6052295565605164,"z":0.9784629344940186},"rotation":{"x":-0.000010761535122583155,"y":0.9998937845230103,"z":-0.015008538961410523,"w":-0.0008993656956590712},"size":0.8660253882408142,"orthographic":false}