{"cameraMode":{"drawMode":0,"name":"Shaded","section":"Shading Mode"},"sceneLighting":true,"audioPlay":false,"sceneViewState":{"showFog":true,"showMaterialUpdate":true,"showSkybox":true,"showFlares":true,"showImageEffects":true,"showParticleSystems":true},"in2DMode":false,"pivot":{"x":2.795215129852295,"y":-1.9996428489685059,"z":3.7702789306640627},"rotation":{"x":-0.23911283910274507,"y":0.021257756277918817,"z":-0.005243121646344662,"w":-0.9707531332969666},"size":12.8143949508667,"orthographic":false}